MeanMonetary,CustomerCount
150.1711618521671,9416
79.40779266981015,12087
45.45742915922663,25762
22.241587305956273,36332
8.935382308454537,38346
